{
  "portal": {
    "navbar": {
      "background-color": "#2d323e",
      "color": "#fff",
      "help": {
        "fill": "#fff"
      },
      "notifications": {
        "fill": "#fff"
      },
      "user": {
        "img": {
          "border": "2px solid #F5F5F5",
          "alert": {
            "border": "2px solid #54a3ff"
          }
        },
        "notification": {
          "background-image": "linear-gradient(#54a3ff, #006eed)",
          "border": "2px solid #2d323e"
        }
      }
    },
    "footer": {
      "content": {
        "background-color": "#2d323e",
        "color": "#e1e2e1"
      },
      "links": {
        "color": "#f5f5f6"
      }
    },
    "home": {
      "header": {
        "background-color": "#2d323e",
        "color": "#fff"
      },
      "homepage": {
        "background-color": "#f7f7f7"
      },
      "content": {
        "background-color": "#34a0d4"
      },
      "topapis": {
        "background-color": "#34a0d4"
      }
    },
    "apisList": {
      "background-color": "#f5f5f6"
    },
    "api": {
      "header": {
        "background-color": "#eff4f9"
      },
      "plans": {
        "background-color": "#eff4f9",
        "title": {
          "color": "#555"
        }
      },
      "plan": {
        "color": "#555",
        "border": "1px solid #ccc"
      }
    }
  }
}
