{
  "portal": {
    "navbar": {
      "background-color": "#fbfbfb",
      "color": "#000",
      "help": {
        "fill": "#fff"
      },
      "notifications": {
        "fill": "#fff"
      },
      "user": {
        "img": {
          "border": "2px solid #F5F5F5",
          "alert": {
            "border": "2px solid #54a3ff"
          }
        },
        "notification": {
          "background-image": "linear-gradient(#54a3ff, #006eed)",
          "border": "2px solid #2d323e"
        }
      }
    },
    "footer": {
      "content": {
        "background-color": "#fbfbfb",
        "color": "#5d5d5d"
      },
      "links": {
        "color": "#5f5f5f"
      }
    },
    "home": {
      "header": {
        "background-color": "#fbfbfb",
        "color": "#000"
      },
      "homepage": {
        "background-color": "#fff"
      },
      "content": {
        "background-color": "#383c48"
      },
      "topapis": {
        "background-color": "#383c48"
      }
    },
    "apisList": {
      "background-color": "#f5f5f6"
    },
    "api": {
      "header": {
        "background-color": "#eff4f9"
      },
      "plans": {
        "background-color": "#c1c1c1"
      }
    }
  }
}
